{"cameraMode":{"drawMode":0,"name":"Shaded","section":"Shading Mode"},"sceneLighting":true,"audioPlay":false,"sceneViewState":{"m_AlwaysRefresh":false,"showFog":true,"showSkybox":true,"showFlares":true,"showImageEffects":true,"showParticleSystems":true,"showVisualEffectGraphs":true,"m_FxEnabled":true},"in2DMode":false,"pivot":{"x":0.6344130039215088,"y":2.569225549697876,"z":1.5326200723648072},"rotation":{"x":0.14324872195720673,"y":0.34258925914764407,"z":-0.05292174220085144,"w":0.9270029067993164},"size":5.037118911743164,"orthographic":false}