{"cameraMode":{"drawMode":0,"name":"Shaded","section":"Shading Mode"},"sceneLighting":true,"audioPlay":false,"sceneViewState":{"m_AlwaysRefresh":false,"showFog":true,"showSkybox":true,"showFlares":true,"showImageEffects":true,"showParticleSystems":true,"showVisualEffectGraphs":true,"m_FxEnabled":true},"in2DMode":false,"pivot":{"x":1.1218924522399903,"y":1.5934439897537232,"z":-0.71309494972229},"rotation":{"x":0.14324872195720673,"y":0.34258925914764407,"z":-0.05292174220085144,"w":0.9270029067993164},"size":2.263953924179077,"orthographic":false}